s,cx,cy,lx,ly,rx,ry
0,0,0,0,5,0,-5
0.49967,0.49967,0,0.49967,5,0.49967,-5
0.999339,0.999339,0,0.999339,5,0.999339,-5
1.49901,1.49901,0,1.49901,5,1.49901,-5
1.99868,1.99868,0,1.99868,5,1.99868,-5
2.49835,2.49835,0,2.49835,5,2.49835,-5
2.99802,2.99802,0,2.99802,5,2.99802,-5
3.49769,3.49769,0,3.49769,5,3.49769,-5
3.99736,3.99736,0,3.99736,5,3.99736,-5
4.49703,4.49703,0,4.49703,5,4.49703,-5
4.9967,4.9967,0,4.9967,5,4.9967,-5
5.49637,5.49637,0,5.49637,5,5.49637,-5
5.99603,5.99603,0,5.99603,5,5.99603,-5
6.4957,6.4957,0,6.4957,5,6.4957,-5
6.99537,6.99537,0,6.99537,5,6.99537,-5
7.49504,7.49504,0,7.49504,5,7.49504,-5
7.99471,7.99471,0,7.99471,5,7.99471,-5
8.49438,8.49438,0,8.49438,5,8.49438,-5
8.99405,8.99405,0,8.99405,5,8.99405,-5
9.49372,9.49372,0,9.49372,5,9.49372,-5
9.99339,9.99339,0,9.99339,5,9.99339,-5
10.4931,10.4931,0,10.4931,5,10.4931,-5
10.9927,10.9927,0,10.9927,5,10.9927,-5
11.4924,11.4924,0,11.4924,5,11.4924,-5
11.9921,11.9921,0,11.9921,5,11.9921,-5
12.4917,12.4917,0,12.4917,5,12.4917,-5
12.9914,12.9914,0,12.9914,5,12.9914,-5
13.4911,13.4911,0,13.4911,5,13.4911,-5
13.9907,13.9907,0,13.9907,5,13.9907,-5
14.4904,14.4904,0,14.4904,5,14.4904,-5
14.9901,14.9901,0,14.9901,5,14.9901,-5
15.4898,15.4898,0,15.4898,5,15.4898,-5
15.9894,15.9894,0,15.9894,5,15.9894,-5
16.4891,16.4891,0,16.4891,5,16.4891,-5
16.9888,16.9888,0,16.9888,5,16.9888,-5
17.4884,17.4884,0,17.4884,5,17.4884,-5
17.9881,17.9881,0,17.9881,5,17.9881,-5
18.4878,18.4878,0,18.4878,5,18.4878,-5
18.9874,18.9874,0,18.9874,5,18.9874,-5
19.4871,19.4871,0,19.4871,5,19.4871,-5
19.9868,19.9868,0,19.9868,5,19.9868,-5
20.4865,20.4865,0,20.4865,5,20.4865,-5
20.9861,20.9861,0,20.9861,5,20.9861,-5
21.4858,21.4858,0,21.4858,5,21.4858,-5
21.9855,21.9855,0,21.9855,5,21.9855,-5
22.4851,22.4851,0,22.4851,5,22.4851,-5
22.9848,22.9848,0,22.9848,5,22.9848,-5
23.4845,23.4845,0,23.4845,5,23.4845,-5
23.9841,23.9841,0,23.9841,5,23.9841,-5
24.4838,24.4838,0,24.4838,5,24.4838,-5
24.9835,24.9835,0,24.9835,5,24.9835,-5
25.4831,25.4831,0,25.4831,5,25.4831,-5
25.9828,25.9828,0,25.9828,5,25.9828,-5
26.4825,26.4825,0,26.4825,5,26.4825,-5
26.9822,26.9822,0,26.9822,5,26.9822,-5
27.4818,27.4818,0,27.4818,5,27.4818,-5
27.9815,27.9815,0,27.9815,5,27.9815,-5
28.4812,28.4812,0,28.4812,5,28.4812,-5
28.9808,28.9808,0,28.9808,5,28.9808,-5
29.4805,29.4805,0,29.4805,5,29.4805,-5
29.9802,29.9802,0,29.9802,5,29.9802,-5
30.4798,30.4798,0,30.4798,5,30.4798,-5
30.9795,30.9795,0,30.9795,5,30.9795,-5
31.4792,31.4792,0,31.4792,5,31.4792,-5
31.9789,31.9789,0,31.9789,5,31.9789,-5
32.4785,32.4785,0,32.4785,5,32.4785,-5
32.9782,32.9782,0,32.9782,5,32.9782,-5
33.4779,33.4779,0,33.4779,5,33.4779,-5
33.9775,33.9775,0,33.9775,5,33.9775,-5
34.4772,34.4772,0,34.4772,5,34.4772,-5
34.9769,34.9769,0,34.9769,5,34.9769,-5
35.4765,35.4765,0,35.4765,5,35.4765,-5
35.9762,35.9762,0,35.9762,5,35.9762,-5
36.4759,36.4759,0,36.4759,5,36.4759,-5
36.9755,36.9755,0,36.9755,5,36.9755,-5
37.4752,37.4752,0,37.4752,5,37.4752,-5
37.9749,37.9749,0,37.9749,5,37.9749,-5
38.4746,38.4746,0,38.4746,5,38.4746,-5
38.9742,38.9742,0,38.9742,5,38.9742,-5
39.4739,39.4739,0,39.4739,5,39.4739,-5
39.9736,39.9736,0,39.9736,5,39.9736,-5
40.4732,40.4732,0,40.4732,5,40.4732,-5
40.9729,40.9729,0,40.9729,5,40.9729,-5
41.4726,41.4726,0,41.4726,5,41.4726,-5
41.9722,41.9722,0,41.9722,5,41.9722,-5
42.4719,42.4719,0,42.4719,5,42.4719,-5
42.9716,42.9716,0,42.9716,5,42.9716,-5
43.4713,43.4713,0,43.4713,5,43.4713,-5
43.9709,43.9709,0,43.9709,5,43.9709,-5
44.4706,44.4706,0,44.4706,5,44.4706,-5
44.9703,44.9703,0,44.9703,5,44.9703,-5
45.4699,45.4699,0,45.4699,5,45.4699,-5
45.9696,45.9696,0,45.9696,5,45.9696,-5
46.4693,46.4693,0,46.4693,5,46.4693,-5
46.9689,46.9689,0,46.9689,5,46.9689,-5
47.4686,47.4686,0,47.4686,5,47.4686,-5
47.9683,47.9683,0,47.9683,5,47.9683,-5
48.4679,48.4679,0,48.4679,5,48.4679,-5
48.9676,48.9676,0,48.9676,5,48.9676,-5
49.4673,49.4673,0,49.4673,5,49.4673,-5
49.967,49.967,0,49.967,5,49.967,-5
50.4666,50.4666,0,50.4666,5,50.4666,-5
50.9663,50.9663,0,50.9663,5,50.9663,-5
51.466,51.466,0,51.466,5,51.466,-5
51.9656,51.9656,0,51.9656,5,51.9656,-5
52.4653,52.4653,0,52.4653,5,52.4653,-5
52.965,52.965,0,52.965,5,52.965,-5
53.4646,53.4646,0,53.4646,5,53.4646,-5
53.9643,53.9643,0,53.9643,5,53.9643,-5
54.464,54.464,0,54.464,5,54.464,-5
54.9637,54.9637,0,54.9637,5,54.9637,-5
55.4633,55.4633,0,55.4633,5,55.4633,-5
55.963,55.963,0,55.963,5,55.963,-5
56.4627,56.4627,0,56.4627,5,56.4627,-5
56.9623,56.9623,0,56.9623,5,56.9623,-5
57.462,57.462,0,57.462,5,57.462,-5
57.9617,57.9617,0,57.9617,5,57.9617,-5
58.4613,58.4613,0,58.4613,5,58.4613,-5
58.961,58.961,0,58.961,5,58.961,-5
59.4607,59.4607,0,59.4607,5,59.4607,-5
59.9603,59.9603,0,59.9603,5,59.9603,-5
60.46,60.46,0,60.46,5,60.46,-5
60.9597,60.9597,0,60.9597,5,60.9597,-5
61.4594,61.4594,0,61.4594,5,61.4594,-5
61.959,61.959,0,61.959,5,61.959,-5
62.4587,62.4587,0,62.4587,5,62.4587,-5
62.9584,62.9584,0,62.9584,5,62.9584,-5
63.458,63.458,0,63.458,5,63.458,-5
63.9577,63.9577,0,63.9577,5,63.9577,-5
64.4574,64.4574,0,64.4574,5,64.4574,-5
64.957,64.957,0,64.957,5,64.957,-5
65.4567,65.4567,0,65.4567,5,65.4567,-5
65.9564,65.9564,0,65.9564,5,65.9564,-5
66.4561,66.4561,0,66.4561,5,66.4561,-5
66.9557,66.9557,0,66.9557,5,66.9557,-5
67.4554,67.4554,0,67.4554,5,67.4554,-5
67.9551,67.9551,0,67.9551,5,67.9551,-5
68.4547,68.4547,0,68.4547,5,68.4547,-5
68.9544,68.9544,0,68.9544,5,68.9544,-5
69.4541,69.4541,0,69.4541,5,69.4541,-5
69.9537,69.9537,0,69.9537,5,69.9537,-5
70.4534,70.4534,0,70.4534,5,70.4534,-5
70.9531,70.9531,0,70.9531,5,70.9531,-5
71.4528,71.4528,0,71.4528,5,71.4528,-5
71.9524,71.9524,0,71.9524,5,71.9524,-5
72.4521,72.4521,0,72.4521,5,72.4521,-5
72.9518,72.9518,0,72.9518,5,72.9518,-5
73.4514,73.4514,0,73.4514,5,73.4514,-5
73.9511,73.9511,0,73.9511,5,73.9511,-5
74.4508,74.4508,0,74.4508,5,74.4508,-5
74.9504,74.9504,0,74.9504,5,74.9504,-5
75.4501,75.4501,0,75.4501,5,75.4501,-5
75.9498,75.9498,0,75.9498,5,75.9498,-5
76.4494,76.4494,0,76.4494,5,76.4494,-5
76.9491,76.9491,0,76.9491,5,76.9491,-5
77.4488,77.4488,0,77.4488,5,77.4488,-5
77.9485,77.9485,0,77.9485,5,77.9485,-5
78.4481,78.4481,0,78.4481,5,78.4481,-5
78.9478,78.9478,0,78.9478,5,78.9478,-5
79.4475,79.4475,0,79.4475,5,79.4475,-5
79.9471,79.9471,0,79.9471,5,79.9471,-5
80.4468,80.4468,0,80.4468,5,80.4468,-5
80.9465,80.9465,0,80.9465,5,80.9465,-5
81.4461,81.4461,0,81.4461,5,81.4461,-5
81.9458,81.9458,0,81.9458,5,81.9458,-5
82.4455,82.4455,0,82.4455,5,82.4455,-5
82.9452,82.9452,0,82.9452,5,82.9452,-5
83.4448,83.4448,0,83.4448,5,83.4448,-5
83.9445,83.9445,0,83.9445,5,83.9445,-5
84.4442,84.4442,0,84.4442,5,84.4442,-5
84.9438,84.9438,0,84.9438,5,84.9438,-5
85.4435,85.4435,0,85.4435,5,85.4435,-5
85.9432,85.9432,0,85.9432,5,85.9432,-5
86.4428,86.4428,0,86.4428,5,86.4428,-5
86.9425,86.9425,0,86.9425,5,86.9425,-5
87.4422,87.4422,0,87.4422,5,87.4422,-5
87.9418,87.9418,0,87.9418,5,87.9418,-5
88.4415,88.4415,0,88.4415,5,88.4415,-5
88.9412,88.9412,0,88.9412,5,88.9412,-5
89.4409,89.4409,0,89.4409,5,89.4409,-5
89.9405,89.9405,0,89.9405,5,89.9405,-5
90.4402,90.4402,0,90.4402,5,90.4402,-5
90.9399,90.9399,0,90.9399,5,90.9399,-5
91.4395,91.4395,0,91.4395,5,91.4395,-5
91.9392,91.9392,0,91.9392,5,91.9392,-5
92.4389,92.4389,0,92.4389,5,92.4389,-5
92.9385,92.9385,0,92.9385,5,92.9385,-5
93.4382,93.4382,0,93.4382,5,93.4382,-5
93.9379,93.9379,0,93.9379,5,93.9379,-5
94.4376,94.4376,0,94.4376,5,94.4376,-5
94.9372,94.9372,0,94.9372,5,94.9372,-5
95.4369,95.4369,0,95.4369,5,95.4369,-5
95.9366,95.9366,0,95.9366,5,95.9366,-5
96.4362,96.4362,0,96.4362,5,96.4362,-5
96.9359,96.9359,0,96.9359,5,96.9359,-5
97.4356,97.4356,0,97.4356,5,97.4356,-5
97.9352,97.9352,0,97.9352,5,97.9352,-5
98.4349,98.4349,0,98.4349,5,98.4349,-5
98.9346,98.9346,0,98.9346,5,98.9346,-5
99.4342,99.4342,0,99.4342,5,99.4342,-5
99.9339,99.9339,0,99.9339,5,99.9339,-5
100.434,100.434,0.00187996,100.39,5.00169,100.477,-4.99793
100.933,100.933,0.00870941,100.84,5.00784,101.027,-4.99042
101.433,101.433,0.0205313,101.289,5.01848,101.576,-4.97742
101.933,101.932,0.0373446,101.739,5.03361,102.125,-4.95892
102.432,102.431,0.0591474,102.188,5.05323,102.674,-4.93494
102.932,102.93,0.0859377,102.637,5.07734,103.223,-4.90547
103.432,103.429,0.117713,103.086,5.10594,103.772,-4.87052
103.931,103.927,0.154469,103.535,5.13902,104.32,-4.83008
104.431,104.425,0.196204,103.983,5.17658,104.868,-4.78418
104.931,104.923,0.242912,104.43,5.21862,105.415,-4.7328
105.43,105.42,0.29459,104.878,5.26513,105.962,-4.67595
105.93,105.916,0.351231,105.324,5.31611,106.508,-4.61365
106.43,106.412,0.412831,105.771,5.37155,107.053,-4.54589
106.929,106.907,0.479383,106.216,5.43144,107.598,-4.47268
107.429,107.402,0.55088,106.661,5.49579,108.142,-4.39403
107.929,107.895,0.627316,107.106,5.56458,108.685,-4.30995
108.428,108.388,0.708682,107.55,5.63781,109.227,-4.22045
108.928,108.881,0.794971,107.993,5.71547,109.769,-4.12553
109.428,109.372,0.886174,108.435,5.79756,110.309,-4.02521
109.927,109.862,0.982281,108.876,5.88405,110.848,-3.91949
110.427,110.352,1.08328,109.316,5.97496,111.387,-3.80839
110.927,110.84,1.18917,109.756,6.07026,111.924,-3.69191
111.426,111.327,1.29994,110.194,6.16994,112.46,-3.57007
111.926,111.813,1.41556,110.632,6.27401,112.995,-3.44288
112.426,112.298,1.53604,111.068,6.38244,113.528,-3.31036
112.925,112.782,1.66136,111.504,6.49522,114.06,-3.17251
113.425,113.264,1.7915,111.938,6.61235,114.591,-3.02935
113.925,113.745,1.92646,112.371,6.73382,115.12,-2.88089
114.424,114.225,2.06622,112.803,6.8596,115.648,-2.72715
114.924,114.703,2.21077,113.233,6.9897,116.174,-2.56815
115.424,115.18,2.36009,113.662,7.12408,116.698,-2.4039
115.923,115.656,2.51417,114.09,7.26275,117.221,-2.23441
116.423,116.129,2.67299,114.516,7.40569,117.742,-2.05971
116.923,116.601,2.83654,114.941,7.55288,118.262,-1.87981
117.422,117.072,3.0048,115.365,7.70432,118.779,-1.69472
117.922,117.541,3.17775,115.787,7.85997,119.295,-1.50448
118.422,118.008,3.35537,116.207,8.01983,119.809,-1.30909
118.921,118.473,3.53766,116.626,8.18389,120.32,-1.10858
119.421,118.936,3.72458,117.043,8.35212,120.83,-0.902961
119.921,119.398,3.91613,117.458,8.52451,121.338,-0.69226
120.42,119.857,4.11228,117.872,8.70105,121.843,-0.476497
120.92,120.315,4.31301,118.283,8.88171,122.346,-0.255693
121.42,120.771,4.5183,118.693,9.06647,122.848,-0.0298701
121.919,121.224,4.72814,119.102,9.25532,123.346,0.200949
122.419,121.675,4.94249,119.508,9.44824,123.843,0.436742
122.919,122.125,5.16135,119.912,9.64521,124.337,0.677484
123.418,122.572,5.38468,120.314,9.84622,124.829,0.923152
123.918,123.016,5.61247,120.715,10.0512,125.318,1.17372
124.418,123.459,5.8447,121.113,10.2602,125.805,1.42917
124.917,123.899,6.08133,121.509,10.4732,126.289,1.68946
125.417,124.336,6.32235,121.903,10.6901,126.77,1.95458
125.917,124.772,6.56773,122.295,10.911,127.249,2.2245
126.416,125.205,6.81745,122.684,11.1357,127.725,2.49919
126.916,125.635,7.07148,123.071,11.3643,128.198,2.77862
127.416,126.062,7.32979,123.456,11.5968,128.669,3.06277
127.915,126.488,7.59237,123.839,11.8331,129.136,3.35161
128.415,126.91,7.85919,124.219,12.0733,129.601,3.64511
128.915,127.33,8.13021,124.597,12.3172,130.063,3.94323
129.414,127.747,8.40541,124.972,12.5649,130.522,4.24596
129.914,128.161,8.68477,125.345,12.8163,130.977,4.55325
130.414,128.573,8.96826,125.715,13.0714,131.43,4.86508
130.913,128.981,9.25584,126.083,13.3303,131.879,5.18142
131.413,129.387,9.54749,126.448,13.5927,132.326,5.50224
131.913,129.79,9.84318,126.811,13.8589,132.769,5.8275
132.412,130.19,10.1429,127.171,14.1286,133.209,6.15717
132.912,130.586,10.4466,127.528,14.4019,133.645,6.49122
133.412,130.98,10.7542,127.882,14.6788,134.078,6.82961
133.911,131.371,11.0657,128.234,14.9592,134.508,7.17232
134.411,131.758,11.3812,128.582,15.2431,134.934,7.5193
134.911,132.143,11.7005,128.928,15.5304,135.357,7.87053
135.41,132.524,12.0236,129.271,15.8212,135.776,8.22596
135.91,132.902,12.3505,129.611,16.1155,136.192,8.58556
136.41,133.276,12.6812,129.949,16.4131,136.604,8.9493
136.909,133.647,13.0156,130.283,16.714,137.012,9.31714
137.409,134.015,13.3537,130.614,17.0183,137.417,9.68905
137.909,134.38,13.6954,130.942,17.3259,137.818,10.065
138.408,134.741,14.0408,131.267,17.6367,138.215,10.4449
138.908,135.099,14.3898,131.589,17.9508,138.608,10.8288
139.408,135.453,14.7423,131.907,18.2681,138.998,11.2165
139.907,135.803,15.0984,132.223,18.5885,139.384,11.6082
140.407,136.15,15.4579,132.535,18.9121,139.765,12.0037
140.907,136.494,15.8209,132.844,19.2388,140.143,12.403
141.406,136.833,16.1873,133.15,19.5685,140.517,12.806
141.906,137.169,16.557,133.453,19.9013,140.886,13.2127
142.406,137.502,16.9302,133.752,20.2371,141.252,13.6232
142.906,137.83,17.3066,134.047,20.5759,141.613,14.0372
143.405,138.155,17.6862,134.34,20.9176,141.971,14.4549
143.905,138.476,18.0692,134.629,21.2622,142.324,14.8761
144.405,138.793,18.4553,134.914,21.6097,142.673,15.3008
144.904,139.107,18.8445,135.196,21.96,143.017,15.7289
145.404,139.416,19.2369,135.474,22.3132,143.358,16.1605
145.904,139.722,19.6323,135.749,22.6691,143.694,16.5955
146.403,140.023,20.0308,136.021,23.0277,144.025,17.0338
146.903,140.321,20.4322,136.288,23.389,144.353,17.4754
147.403,140.614,20.8366,136.553,23.753,144.675,17.9203
147.902,140.903,21.2439,136.813,24.1195,144.994,18.3683
148.402,141.189,21.6541,137.07,24.4887,145.308,18.8195
148.902,141.47,22.0672,137.323,24.8604,145.617,19.2739
149.401,141.747,22.483,137.572,25.2347,145.922,19.7313
149.901,142.02,22.9015,137.818,25.6114,146.222,20.1917
150.401,142.289,23.3228,138.06,25.9905,146.517,20.6551
150.9,142.553,23.7467,138.298,26.3721,146.808,21.1214
151.4,142.813,24.1733,138.532,26.756,147.095,21.5906
151.9,143.069,24.6024,138.762,27.1422,147.376,22.0627
152.399,143.321,25.0341,138.989,27.5307,147.653,22.5375
152.899,143.568,25.4682,139.211,27.9214,147.925,23.0151
153.399,143.811,25.9049,139.43,28.3144,148.192,23.4953
153.898,144.05,26.3439,139.645,28.7095,148.455,23.9783
154.398,144.284,26.7853,139.856,29.1067,148.712,24.4638
154.898,144.514,27.229,140.062,29.5061,148.965,24.9519
155.397,144.739,27.6749,140.265,29.9074,149.213,25.4424
155.897,144.96,28.1231,140.464,30.3108,149.456,25.9354
156.397,145.176,28.5735,140.659,30.7162,149.694,26.4309
156.896,145.388,29.026,140.849,31.1234,149.927,26.9287
157.396,145.596,29.4807,141.036,31.5326,150.155,27.4287
157.896,145.798,29.9373,141.219,31.9436,150.378,27.9311
158.395,145.997,30.396,141.397,32.3564,150.596,28.4356
158.895,146.19,30.8566,141.571,32.771,150.809,28.9423
159.395,146.379,31.3192,141.741,33.1873,151.017,29.4511
159.894,146.564,31.7836,141.907,33.6052,151.22,29.962
160.394,146.743,32.2498,142.069,34.0249,151.418,30.4748
160.894,146.918,32.7178,142.226,34.4461,151.61,30.9896
161.393,147.089,33.1876,142.38,34.8688,151.798,31.5063
161.893,147.254,33.659,142.529,35.2931,151.98,32.0249
162.393,147.415,34.132,142.674,35.7188,152.157,32.5452
162.892,147.571,34.6066,142.814,36.146,152.329,33.0673
163.392,147.723,35.0828,142.951,36.5745,152.495,33.5911
163.892,147.87,35.5604,143.083,37.0044,152.657,34.1165
164.391,148.012,36.0395,143.21,37.4356,152.813,34.6435
164.891,148.149,36.52,143.334,37.868,152.963,35.172
165.391,148.281,37.0019,143.453,38.3017,153.109,35.702
165.89,148.408,37.485,143.568,38.7365,153.249,36.2335
166.39,148.531,37.9694,143.678,39.1724,153.384,36.7663
166.89,148.649,38.455,143.784,39.6095,153.514,37.3004
167.389,148.762,38.9417,143.886,40.0475,153.638,37.8359
167.889,148.87,39.4295,143.983,40.4866,153.757,38.3725
168.389,148.973,39.9184,144.076,40.9266,153.87,38.9103
168.888,149.071,40.4083,144.164,41.3675,153.979,39.4492
169.388,149.165,40.8992,144.248,41.8093,154.081,39.9891
169.888,149.253,41.391,144.328,42.2519,154.179,40.5301
170.387,149.337,41.8836,144.403,42.6952,154.271,41.0719
170.887,149.415,42.377,144.474,43.1393,154.357,41.6147
171.387,149.489,42.8712,144.54,43.5841,154.438,42.1583
171.886,149.558,43.3661,144.602,44.0295,154.514,42.7028
172.386,149.622,43.8617,144.66,44.4755,154.584,43.2479
172.886,149.681,44.3579,144.713,44.9221,154.649,43.7937
173.385,149.735,44.8547,144.761,45.3692,154.708,44.3401
173.885,149.783,45.3519,144.805,45.8167,154.762,44.8871
174.385,149.827,45.8496,144.845,46.2647,154.81,45.4346
174.884,149.866,46.3478,144.88,46.713,154.853,45.9826
175.384,149.9,46.8463,144.91,47.1617,154.89,46.5309
175.884,149.929,47.3451,144.937,47.6106,154.922,47.0796
176.383,149.954,47.8442,144.958,48.0598,154.949,47.6286
176.883,149.973,48.3435,144.975,48.5092,154.97,48.1779
177.383,149.987,48.843,144.988,48.9587,154.985,48.7273
177.882,149.996,49.3426,144.996,49.4083,154.995,49.2768
178.382,150,49.8422,145,49.858,155,49.8264
178.882,149.999,50.3419,144.999,50.3077,154.999,50.3761
179.381,149.993,50.8415,144.994,50.7574,154.992,50.9257
179.881,149.982,51.3411,144.984,51.207,154.98,51.4752
180.381,149.966,51.8405,144.97,51.6564,154.963,52.0245
180.88,149.945,52.3397,144.951,52.1057,154.94,52.5737
181.38,149.919,52.8387,144.927,52.5548,154.911,53.1226
181.88,149.888,53.3374,144.9,53.0037,154.877,53.6712
182.379,149.853,53.8358,144.867,53.4522,154.838,54.2194
182.879,149.812,54.3338,144.831,53.9004,154.793,54.7672
183.379,149.766,54.8314,144.789,54.3482,154.743,55.3145
183.878,149.715,55.3285,144.744,54.7956,154.687,55.8613
184.378,149.66,55.825,144.694,55.2425,154.625,56.4075
184.878,149.599,56.321,144.639,55.6889,154.559,56.9531
185.377,149.533,56.8163,144.58,56.1347,154.487,57.4979
185.877,149.463,57.311,144.516,56.5799,154.409,58.0421
186.377,149.387,57.8049,144.448,57.0244,154.326,58.5854
186.876,149.307,58.298,144.376,57.4682,154.237,59.1278
187.376,149.221,58.7904,144.299,57.9113,154.143,59.6694
187.876,149.131,59.2818,144.218,58.3536,154.044,60.21
188.375,149.036,59.7723,144.132,58.7951,153.939,60.7495
188.875,148.936,60.2618,144.042,59.2357,153.829,61.288
189.375,148.831,60.7504,143.948,59.6753,153.714,61.8254
189.874,148.721,61.2378,143.849,60.114,153.593,62.3616
190.374,148.606,61.7241,143.745,60.5517,153.467,62.8965
190.874,148.486,62.2093,143.638,60.9883,153.335,63.4302
191.373,148.362,62.6932,143.526,61.4239,153.198,63.9625
191.873,148.233,63.1758,143.409,61.8583,153.056,64.4934
192.373,148.099,63.6572,143.289,62.2915,152.909,65.0229
192.872,147.96,64.1372,143.164,62.7234,152.756,65.5509
193.372,147.816,64.6157,143.034,63.1542,152.598,66.0773
193.872,147.668,65.0928,142.901,63.5836,152.434,66.6021
194.371,147.514,65.5684,142.763,64.0116,152.266,67.1253
194.871,147.357,66.0425,142.621,64.4382,152.092,67.6467
195.371,147.194,66.5149,142.474,64.8634,151.913,68.1664
195.87,147.026,66.9857,142.324,65.2871,151.729,68.6843
196.37,146.854,67.4548,142.169,65.7093,151.54,69.2003
196.87,146.678,67.9222,142.01,66.13,151.345,69.7144
197.369,146.496,68.3877,141.847,66.549,151.146,70.2265
197.869,146.31,68.8515,141.679,66.9663,150.941,70.7366
198.369,146.119,69.3133,141.507,67.382,150.731,71.2446
198.868,145.924,69.7732,141.332,67.7959,150.516,71.7505
199.368,145.724,70.2312,141.152,68.2081,150.297,72.2543
199.868,145.52,70.6871,140.968,68.6184,150.072,72.7558
200.368,145.311,71.1409,140.78,69.0269,149.842,73.255
200.867,145.097,71.5927,140.587,69.4334,149.607,73.752
201.367,144.879,72.0423,140.391,69.8381,149.367,74.2465
201.867,144.657,72.4897,140.191,70.2407,149.122,74.7386
202.366,144.43,72.9348,139.987,70.6413,148.873,75.2283
202.866,144.198,73.3777,139.778,71.0399,148.618,75.7154
203.366,143.962,73.8182,139.566,71.4364,148.359,76.2
203.865,143.722,74.2563,139.35,71.8307,148.094,76.6819
204.365,143.478,74.692,139.13,72.2228,147.825,77.1612
204.865,143.229,75.1253,138.906,72.6127,147.552,77.6378
205.364,142.975,75.556,138.678,73.0004,147.273,78.1116
205.864,142.718,75.9842,138.446,73.3858,146.99,78.5826
206.364,142.456,76.4098,138.211,73.7688,146.702,79.0508
206.863,142.19,76.8327,137.971,74.1495,146.409,79.516
207.363,141.92,77.253,137.728,74.5277,146.112,79.9783
207.863,141.645,77.6706,137.481,74.9035,145.81,80.4376
208.362,141.367,78.0854,137.23,75.2768,145.503,80.8939
208.862,141.084,78.4974,136.976,75.6476,145.192,81.3471
209.362,140.797,78.9065,136.718,76.0158,144.877,81.7971
209.861,140.506,79.3127,136.456,76.3815,144.557,82.244
210.361,140.211,79.7161,136.19,76.7445,144.233,82.6877
210.861,139.912,80.1164,135.921,77.1048,143.904,83.1281
211.36,139.609,80.5138,135.649,77.4624,143.57,83.5652
211.86,139.303,80.9081,135.372,77.8173,143.233,83.9989
212.36,138.992,81.2993,135.093,78.1694,142.891,84.4292
212.859,138.677,81.6874,134.809,78.5186,142.545,84.8561
213.359,138.358,82.0723,134.523,78.8651,142.194,85.2795
213.859,138.036,82.454,134.232,79.2086,141.84,85.6994
214.358,137.71,82.8325,133.939,79.5493,141.481,86.1158
214.858,137.38,83.2077,133.642,79.8869,141.118,86.5285
215.358,137.046,83.5796,133.341,80.2216,140.751,86.9376
215.857,136.709,83.9481,133.038,80.5533,140.38,87.3429
216.357,136.368,84.3133,132.731,80.882,140.004,87.7446
216.857,136.023,84.675,132.421,81.2075,139.625,88.1425
217.356,135.675,85.0332,132.107,81.5299,139.242,88.5366
217.856,135.323,85.388,131.79,81.8492,138.855,88.9268
218.356,134.967,85.7392,131.471,82.1653,138.464,89.3131
218.855,134.608,86.0869,131.148,82.4782,138.069,89.6956
219.355,134.246,86.4309,130.821,82.7878,137.671,90.074
219.855,133.88,86.7713,130.492,83.0942,137.268,90.4485
220.354,133.511,87.1081,130.16,83.3973,136.862,90.8189
220.854,133.139,87.4411,129.825,83.697,136.452,91.1852
221.354,132.763,87.7704,129.486,83.9933,136.039,91.5474
221.853,132.384,88.0959,129.145,84.2863,135.622,91.9055
222.353,132.001,88.4176,128.801,84.5759,135.201,92.2594
222.853,131.616,88.7355,128.454,84.862,134.777,92.6091
223.352,131.227,89.0495,128.104,85.1446,134.35,92.9545
223.852,130.835,89.3596,127.752,85.4237,133.919,93.2956
224.352,130.441,89.6658,127.396,85.6992,133.485,93.6324
224.851,130.043,89.968,127.038,85.9712,133.047,93.9648
225.351,129.642,90.2662,126.678,86.2396,132.606,94.2929
225.851,129.238,90.5605,126.314,86.5044,132.162,94.6165
226.35,128.831,90.8506,125.948,86.7655,131.714,94.9357
226.85,128.421,91.1367,125.579,87.023,131.263,95.2503
227.35,128.009,91.4186,125.208,87.2768,130.81,95.5605
227.849,127.594,91.6965,124.834,87.5268,130.353,95.8661
228.349,127.175,91.9701,124.458,87.7731,129.893,96.1672
228.849,126.755,92.2396,124.079,88.0157,129.43,96.4636
229.348,126.331,92.5049,123.698,88.2544,128.964,96.7554
229.848,125.905,92.7659,123.315,88.4893,128.496,97.0425
230.348,125.477,93.0226,122.929,88.7204,128.024,97.3249
230.847,125.045,93.2751,122.541,88.9476,127.55,97.6026
231.347,124.612,93.5232,122.15,89.1709,127.073,97.8755
231.847,124.175,93.767,121.758,89.3903,126.593,98.1437
232.346,123.737,94.0064,121.363,89.6057,126.111,98.407
232.846,123.296,94.2414,120.966,89.8172,125.626,98.6655
233.346,122.853,94.472,120.567,90.0248,125.138,98.9192
233.845,122.407,94.6981,120.166,90.2283,124.648,99.1679
234.345,121.959,94.9198,119.763,90.4278,124.155,99.4118
234.845,121.509,95.137,119.358,90.6233,123.66,99.6507
235.344,121.057,95.3497,118.951,90.8147,123.163,99.8847
235.844,120.603,95.5579,118.543,91.0021,122.663,100.114
236.344,120.147,95.7615,118.132,91.1853,122.161,100.338
236.843,119.688,95.9605,117.719,91.3645,121.657,100.557
237.343,119.228,96.155,117.305,91.5395,121.151,100.77
237.843,118.766,96.3448,116.889,91.7104,120.642,100.979
238.342,118.302,96.5301,116.472,91.877,120.132,101.183
238.842,117.836,96.7106,116.052,92.0396,119.619,101.382
239.342,117.368,96.8865,115.631,92.1979,119.105,101.575
239.841,116.899,97.0578,115.209,92.352,118.589,101.764
240.341,116.428,97.2243,114.785,92.5018,118.07,101.947
240.841,115.955,97.3861,114.359,92.6475,117.55,102.125
241.34,115.481,97.5432,113.933,92.7888,117.029,102.297
241.84,115.005,97.6955,113.504,92.9259,116.505,102.465
242.34,114.527,97.843,113.075,93.0587,115.98,102.627
242.839,114.048,97.9858,112.644,93.1872,115.453,102.784
243.339,113.568,98.1238,112.211,93.3114,114.925,102.936
243.839,113.087,98.257,111.778,93.4313,114.395,103.083
244.338,112.604,98.3854,111.343,93.5468,113.864,103.224
244.838,112.12,98.5089,110.908,93.658,113.332,103.36
245.338,111.634,98.6276,110.471,93.7648,112.798,103.49
245.837,111.148,98.7414,110.033,93.8673,112.262,103.616
246.337,110.66,98.8504,109.594,93.9654,111.726,103.735
246.837,110.171,98.9545,109.154,94.0591,111.189,103.85
247.336,109.682,99.0537,108.713,94.1483,110.65,103.959
247.836,109.191,99.148,108.272,94.2332,110.11,104.063
248.336,108.699,99.2374,107.829,94.3137,109.569,104.161
248.835,108.207,99.3219,107.386,94.3897,109.028,104.254
249.335,107.714,99.4014,106.942,94.4613,108.485,104.342
249.835,107.22,99.476,106.498,94.5284,107.941,104.424
250.334,106.725,99.5457,106.052,94.5911,107.397,104.5
250.834,106.229,99.6104,105.606,94.6494,106.852,104.571
251.334,105.733,99.6702,105.16,94.7032,106.307,104.637
251.833,105.237,99.725,104.713,94.7525,105.76,104.698
252.333,104.739,99.7749,104.265,94.7974,105.213,104.752
252.833,104.242,99.8198,103.818,94.8378,104.666,104.802
253.332,103.744,99.8597,103.369,94.8737,104.118,104.846
253.832,103.245,99.8946,102.921,94.9051,103.57,104.884
254.332,102.746,99.9245,102.472,94.9321,103.021,104.917
254.831,102.247,99.9495,102.023,94.9545,102.472,104.944
255.331,101.748,99.9694,101.573,94.9725,101.923,104.966
255.831,101.249,99.9844,101.124,94.986,101.374,104.983
256.33,100.749,99.9944,100.674,94.9949,100.824,104.994
256.83,100.249,99.9994,100.225,94.9994,100.274,104.999
257.33,99.7498,100,99.7498,95,99.7498,105
257.83,99.2501,100,99.2502,95,99.2501,105
258.329,98.7505,100,98.7505,95,98.7504,105
258.829,98.2508,100,98.2508,95,98.2508,105
259.329,97.7511,100,97.7512,95,97.7511,105
259.828,97.2514,100,97.2515,95,97.2514,105
260.328,96.7518,100,96.7518,95,96.7517,105
260.828,96.2521,100,96.2521,95,96.2521,105
261.327,95.7524,100,95.7525,95,95.7524,105
261.827,95.2528,100,95.2528,95,95.2527,105
262.327,94.7531,100,94.7531,95,94.7531,105
262.826,94.2534,100,94.2535,95,94.2534,105
263.326,93.7538,100,93.7538,95,93.7537,105
263.826,93.2541,100,93.2541,95,93.2541,105
264.325,92.7544,99.9999,92.7545,94.9999,92.7544,105
264.825,92.2548,99.9999,92.2548,94.9999,92.2547,105
265.325,91.7551,99.9999,91.7551,94.9999,91.755,105
265.824,91.2554,99.9999,91.2555,94.9999,91.2554,105
266.324,90.7557,99.9999,90.7558,94.9999,90.7557,105
266.824,90.2561,99.9999,90.2561,94.9999,90.256,105
267.323,89.7564,99.9999,89.7564,94.9999,89.7564,105
267.823,89.2567,99.9999,89.2568,94.9999,89.2567,105
268.323,88.7571,99.9999,88.7571,94.9999,88.757,105
268.822,88.2574,99.9999,88.2574,94.9999,88.2574,105
269.322,87.7577,99.9999,87.7578,94.9999,87.7577,105
269.822,87.2581,99.9999,87.2581,94.9999,87.258,105
270.321,86.7584,99.9999,86.7584,94.9999,86.7584,105
270.821,86.2587,99.9999,86.2588,94.9999,86.2587,105
271.321,85.759,99.9999,85.7591,94.9999,85.759,105
271.82,85.2594,99.9999,85.2594,94.9999,85.2593,105
272.32,84.7597,99.9999,84.7597,94.9999,84.7597,105
272.82,84.26,99.9999,84.2601,94.9999,84.26,105
273.319,83.7604,99.9999,83.7604,94.9999,83.7603,105
273.819,83.2607,99.9999,83.2607,94.9999,83.2607,105
274.319,82.761,99.9999,82.7611,94.9999,82.761,105
274.818,82.2614,99.9999,82.2614,94.9999,82.2613,105
275.318,81.7617,99.9999,81.7617,94.9999,81.7617,105
275.818,81.262,99.9999,81.2621,94.9999,81.262,105
276.317,80.7624,99.9999,80.7624,94.9999,80.7623,105
276.817,80.2627,99.9999,80.2627,94.9999,80.2626,105
277.317,79.763,99.9999,79.7631,94.9999,79.763,105
277.816,79.2633,99.9998,79.2634,94.9998,79.2633,105
278.316,78.7637,99.9998,78.7637,94.9998,78.7636,105
278.816,78.264,99.9998,78.264,94.9998,78.264,105
279.315,77.7643,99.9998,77.7644,94.9998,77.7643,105
279.815,77.2647,99.9998,77.2647,94.9998,77.2646,105
280.315,76.765,99.9998,76.765,94.9998,76.765,105
280.814,76.2653,99.9998,76.2654,94.9998,76.2653,105
281.314,75.7657,99.9998,75.7657,94.9998,75.7656,105
281.814,75.266,99.9998,75.266,94.9998,75.266,105
282.313,74.7663,99.9998,74.7664,94.9998,74.7663,105
282.813,74.2666,99.9998,74.2667,94.9998,74.2666,105
283.313,73.767,99.9998,73.767,94.9998,73.7669,105
283.812,73.2673,99.9998,73.2673,94.9998,73.2673,105
284.312,72.7676,99.9998,72.7677,94.9998,72.7676,105
284.812,72.268,99.9998,72.268,94.9998,72.2679,105
285.311,71.7683,99.9998,71.7683,94.9998,71.7683,105
285.811,71.2686,99.9998,71.2687,94.9998,71.2686,105
286.311,70.769,99.9998,70.769,94.9998,70.7689,105
286.81,70.2693,99.9998,70.2693,94.9998,70.2693,105
287.31,69.7696,99.9998,69.7697,94.9998,69.7696,105
287.81,69.27,99.9998,69.27,94.9998,69.2699,105
288.309,68.7703,99.9998,68.7703,94.9998,68.7702,105
288.809,68.2706,99.9998,68.2707,94.9998,68.2706,105
289.309,67.7709,99.9998,67.771,94.9998,67.7709,105
289.808,67.2713,99.9998,67.2713,94.9998,67.2712,105
290.308,66.7716,99.9998,66.7716,94.9998,66.7716,105
290.808,66.2719,99.9998,66.272,94.9998,66.2719,105
291.307,65.7723,99.9997,65.7723,94.9997,65.7722,105
291.807,65.2726,99.9997,65.2726,94.9997,65.2726,105
292.307,64.7729,99.9997,64.773,94.9997,64.7729,105
292.806,64.2733,99.9997,64.2733,94.9997,64.2732,105
293.306,63.7736,99.9997,63.7736,94.9997,63.7736,105
293.806,63.2739,99.9997,63.274,94.9997,63.2739,105
294.305,62.7742,99.9997,62.7743,94.9997,62.7742,105
294.805,62.2746,99.9997,62.2746,94.9997,62.2745,105
295.305,61.7749,99.9997,61.7749,94.9997,61.7749,105
295.804,61.2752,99.9997,61.2753,94.9997,61.2752,105
296.304,60.7756,99.9997,60.7756,94.9997,60.7755,105
296.804,60.2759,99.9997,60.2759,94.9997,60.2759,105
297.303,59.7762,99.9997,59.7763,94.9997,59.7762,105
297.803,59.2766,99.9997,59.2766,94.9997,59.2765,105
298.303,58.7769,99.9997,58.7769,94.9997,58.7769,105
298.802,58.2772,99.9997,58.2773,94.9997,58.2772,105
299.302,57.7776,99.9997,57.7776,94.9997,57.7775,105
299.802,57.2779,99.9997,57.2779,94.9997,57.2778,105
300.301,56.7782,99.9997,56.7783,94.9997,56.7782,105
300.801,56.2785,99.9997,56.2786,94.9997,56.2785,105
301.301,55.7789,99.9997,55.7789,94.9997,55.7788,105
301.8,55.2792,99.9997,55.2792,94.9997,55.2792,105
302.3,54.7795,99.9997,54.7796,94.9997,54.7795,105
302.8,54.2799,99.9997,54.2799,94.9997,54.2798,105
303.299,53.7802,99.9997,53.7802,94.9997,53.7802,105
303.799,53.2805,99.9997,53.2806,94.9997,53.2805,105
304.299,52.7809,99.9997,52.7809,94.9997,52.7808,105
304.798,52.2812,99.9996,52.2812,94.9996,52.2812,105
305.298,51.7815,99.9996,51.7816,94.9996,51.7815,105
305.798,51.2818,99.9996,51.2819,94.9996,51.2818,105
306.297,50.7822,99.9996,50.7822,94.9996,50.7821,105
306.797,50.2825,99.9996,50.2825,94.9996,50.2825,105
307.297,49.7828,99.9996,49.7829,94.9996,49.7828,105
307.796,49.2832,99.9996,49.2832,94.9996,49.2831,105
308.296,48.7835,99.9996,48.7835,94.9996,48.7835,105
308.796,48.2838,99.9996,48.2839,94.9996,48.2838,105
309.295,47.7842,99.9996,47.7842,94.9996,47.7841,105
309.795,47.2845,99.9996,47.2845,94.9996,47.2845,105
310.295,46.7848,99.9996,46.7849,94.9996,46.7848,105
310.794,46.2852,99.9996,46.2852,94.9996,46.2851,105
311.294,45.7855,99.9996,45.7855,94.9996,45.7854,105
311.794,45.2858,99.9996,45.2859,94.9996,45.2858,105
312.293,44.7861,99.9996,44.7862,94.9996,44.7861,105
312.793,44.2865,99.9996,44.2865,94.9996,44.2864,105
313.293,43.7868,99.9996,43.7868,94.9996,43.7868,105
313.792,43.2871,99.9996,43.2872,94.9996,43.2871,105
314.292,42.7875,99.9996,42.7875,94.9996,42.7874,105
314.792,42.2878,99.9996,42.2878,94.9996,42.2878,105
315.292,41.7881,99.9996,41.7882,94.9996,41.7881,105
315.791,41.2885,99.9996,41.2885,94.9996,41.2884,105
316.291,40.7888,99.9996,40.7888,94.9996,40.7888,105
316.791,40.2891,99.9996,40.2892,94.9996,40.2891,105
317.29,39.7894,99.9996,39.7895,94.9996,39.7894,105
317.79,39.2898,99.9996,39.2898,94.9996,39.2897,105
318.29,38.7901,99.9996,38.7901,94.9996,38.7901,105
318.789,38.2904,99.9995,38.2905,94.9995,38.2904,105
319.289,37.7908,99.9995,37.7908,94.9995,37.7907,105
319.789,37.2911,99.9995,37.2911,94.9995,37.2911,105
320.288,36.7914,99.9995,36.7915,94.9995,36.7914,105
320.788,36.2918,99.9995,36.2918,94.9995,36.2917,105
321.288,35.7921,99.9995,35.7921,94.9995,35.7921,105
321.787,35.2924,99.9995,35.2925,94.9995,35.2924,105
322.287,34.7928,99.9995,34.7928,94.9995,34.7927,105
322.787,34.2931,99.9995,34.2931,94.9995,34.293,105
323.286,33.7934,99.9995,33.7934,94.9995,33.7934,105
323.786,33.2937,99.9995,33.2938,94.9995,33.2937,105
324.286,32.7941,99.9995,32.7941,94.9995,32.794,105
324.785,32.2944,99.9995,32.2944,94.9995,32.2944,105
325.285,31.7947,99.9995,31.7948,94.9995,31.7947,104.999
325.785,31.2951,99.9995,31.2951,94.9995,31.295,104.999
326.284,30.7954,99.9995,30.7954,94.9995,30.7954,104.999
326.784,30.2957,99.9995,30.2958,94.9995,30.2957,104.999
327.284,29.7961,99.9995,29.7961,94.9995,29.796,104.999
327.783,29.2964,99.9995,29.2964,94.9995,29.2964,104.999
328.283,28.7967,99.9995,28.7968,94.9995,28.7967,104.999
328.783,28.297,99.9995,28.2971,94.9995,28.297,104.999
329.282,27.7974,99.9995,27.7974,94.9995,27.7973,104.999
329.782,27.2977,99.9995,27.2977,94.9995,27.2977,104.999
330.282,26.798,99.9995,26.7981,94.9995,26.798,104.999
330.781,26.2984,99.9995,26.2984,94.9995,26.2983,104.999
331.281,25.7987,99.9995,25.7987,94.9995,25.7987,104.999
331.781,25.299,99.9995,25.2991,94.9995,25.299,104.999
332.28,24.7994,99.9994,24.7994,94.9994,24.7993,104.999
332.78,24.2997,99.9994,24.2997,94.9994,24.2997,104.999
333.28,23.8,99.9994,23.8001,94.9994,23.8,104.999
333.779,23.3004,99.9994,23.3004,94.9994,23.3003,104.999
334.279,22.8007,99.9994,22.8007,94.9994,22.8006,104.999
334.779,22.301,99.9994,22.301,94.9994,22.301,104.999
335.278,21.8013,99.9994,21.8014,94.9994,21.8013,104.999
335.778,21.3017,99.9994,21.3017,94.9994,21.3016,104.999
336.278,20.802,99.9994,20.802,94.9994,20.802,104.999
336.777,20.3023,99.9994,20.3024,94.9994,20.3023,104.999
337.277,19.8027,99.9994,19.8027,94.9994,19.8026,104.999
337.777,19.303,99.9994,19.303,94.9994,19.303,104.999
338.276,18.8033,99.9994,18.8034,94.9994,18.8033,104.999
338.776,18.3037,99.9994,18.3037,94.9994,18.3036,104.999
339.276,17.804,99.9994,17.804,94.9994,17.8039,104.999
339.775,17.3043,99.9994,17.3044,94.9994,17.3043,104.999
340.275,16.8046,99.9994,16.8047,94.9994,16.8046,104.999
340.775,16.305,99.9994,16.305,94.9994,16.3049,104.999
341.274,15.8053,99.9994,15.8053,94.9994,15.8053,104.999
341.774,15.3056,99.9994,15.3057,94.9994,15.3056,104.999
342.274,14.806,99.9994,14.806,94.9994,14.8059,104.999
342.773,14.3063,99.9994,14.3063,94.9994,14.3063,104.999
343.273,13.8066,99.9994,13.8067,94.9994,13.8066,104.999
343.773,13.307,99.9994,13.307,94.9994,13.3069,104.999
344.272,12.8073,99.9994,12.8073,94.9994,12.8073,104.999
344.772,12.3076,99.9994,12.3077,94.9994,12.3076,104.999
345.272,11.808,99.9994,11.808,94.9994,11.8079,104.999
345.771,11.3083,99.9993,11.3083,94.9993,11.3082,104.999
346.271,10.8086,99.9993,10.8086,94.9993,10.8086,104.999
346.771,10.3089,99.9993,10.309,94.9993,10.3089,104.999
347.27,9.80927,99.9993,9.80931,94.9993,9.80924,104.999
347.77,9.3096,99.9993,9.30964,94.9993,9.30957,104.999
348.27,8.80993,99.9993,8.80997,94.9993,8.8099,104.999
348.769,8.31026,99.9993,8.3103,94.9993,8.31023,104.999
349.269,7.81059,99.9993,7.81063,94.9993,7.81056,104.999
349.769,7.31093,99.9993,7.31096,94.9993,7.31089,104.999
350.268,6.81126,99.9993,6.81129,94.9993,6.81122,104.999
350.768,6.31159,99.9993,6.31162,94.9993,6.31155,104.999
351.268,5.81192,99.9993,5.81195,94.9993,5.81188,104.999
351.767,5.31225,99.9993,5.31228,94.9993,5.31221,104.999
352.267,4.81258,99.9993,4.81261,94.9993,4.81254,104.999
352.767,4.31291,99.9993,4.31294,94.9993,4.31287,104.999
353.266,3.81324,99.9993,3.81327,94.9993,3.8132,104.999
353.766,3.31357,99.9993,3.31361,94.9993,3.31353,104.999
354.266,2.8139,99.9993,2.81394,94.9993,2.81386,104.999
354.765,2.31423,99.9993,2.31427,94.9993,2.31419,104.999
355.265,1.81456,99.9993,1.8146,94.9993,1.81452,104.999
355.765,1.31489,99.9993,1.31493,94.9993,1.31485,104.999
356.264,0.815221,99.9993,0.815257,94.9993,0.815184,104.999
356.764,0.315551,99.9993,0.315588,94.9993,0.315514,104.999
357.264,-0.184118,99.9989,-0.165706,94.999,-0.20253,104.999
357.763,-0.683767,99.9946,-0.61539,94.9951,-0.752143,104.994
358.263,-1.18335,99.9853,-1.06501,94.9867,-1.30168,104.984
358.763,-1.68281,99.9709,-1.51453,94.9738,-1.85109,104.968
359.262,-2.1821,99.9516,-1.96389,94.9564,-2.40031,104.947
359.762,-2.68118,99.9273,-2.41306,94.9345,-2.9493,104.92
360.262,-3.17999,99.898,-2.86199,94.9082,-3.49799,104.888
360.761,-3.67848,99.8638,-3.31063,94.8773,-4.04633,104.85
361.261,-4.1766,99.8245,-3.75894,94.842,-4.59426,104.807
361.761,-4.67431,99.7803,-4.20688,94.8022,-5.14174,104.758
362.26,-5.17155,99.7311,-4.65439,94.7579,-5.6887,104.704
362.76,-5.66827,99.6769,-5.10144,94.7092,-6.2351,104.645
363.26,-6.16443,99.6178,-5.54799,94.656,-6.78087,104.58
363.759,-6.65997,99.5537,-5.99397,94.5983,-7.32597,104.509
364.259,-7.15485,99.4847,-6.43936,94.5362,-7.87033,104.433
364.759,-7.64901,99.4107,-6.88411,94.4696,-8.41391,104.352
365.258,-8.14241,99.3318,-7.32817,94.3986,-8.95665,104.265
365.758,-8.63499,99.248,-7.77149,94.3231,-9.49849,104.173
366.258,-9.12671,99.1592,-8.21404,94.2432,-10.0394,104.075
366.757,-9.61752,99.0656,-8.65577,94.1589,-10.5793,103.972
367.257,-10.1074,98.967,-9.09664,94.0702,-11.1181,103.864
367.757,-10.5962,98.8636,-9.53659,93.9771,-11.6558,103.75
368.256,-11.084,98.7552,-9.9756,93.8796,-12.1924,103.631
368.756,-11.5707,98.642,-10.4136,93.7778,-12.7277,103.506
369.256,-12.0562,98.524,-10.8506,93.6715,-13.2618,103.376
369.755,-12.5405,98.4011,-11.2865,93.5609,-13.7946,103.241
370.255,-13.0236,98.2733,-11.7212,93.4459,-14.3259,103.101
370.755,-13.5053,98.1408,-12.1548,93.3266,-14.8559,102.955
371.254,-13.9858,98.0034,-12.5872,93.203,-15.3843,102.804
371.754,-14.4648,97.8613,-13.0183,93.0751,-15.9112,102.647
372.254,-14.9423,97.7143,-13.4481,92.9428,-16.4366,102.486
372.754,-15.4184,97.5626,-13.8766,92.8063,-16.9603,102.319
373.253,-15.893,97.4062,-14.3037,92.6655,-17.4823,102.147
373.753,-16.3659,97.245,-14.7293,92.5204,-18.0025,101.97
374.253,-16.8372,97.0791,-15.1535,92.3711,-18.521,101.787
374.752,-17.3069,96.9085,-15.5762,92.2175,-19.0376,101.599
375.252,-17.7748,96.7332,-15.9973,92.0598,-19.5523,101.407
375.752,-18.2409,96.5532,-16.4168,91.8978,-20.065,101.209
376.251,-18.7052,96.3686,-16.8347,91.7317,-20.5758,101.006
376.751,-19.1677,96.1793,-17.2509,91.5613,-21.0845,100.797
377.251,-19.6282,95.9855,-17.6654,91.3869,-21.591,100.584
377.75,-20.0868,95.787,-18.0781,91.2083,-22.0955,100.366
378.25,-20.5433,95.584,-18.489,91.0256,-22.5977,100.143
378.75,-20.9979,95.3765,-18.8981,90.8387,-23.0976,99.9142
379.249,-21.4503,95.1644,-19.3053,90.6478,-23.5953,99.6809
379.749,-21.9006,94.9477,-19.7105,90.4529,-24.0906,99.4426
380.249,-22.3486,94.7266,-20.1138,90.2539,-24.5835,99.1994
380.748,-22.7945,94.5011,-20.515,90.0509,-25.0739,98.9513
381.248,-23.2381,94.2711,-20.9143,89.8439,-25.5619,98.6982
381.748,-23.6793,94.0366,-21.3114,89.6329,-26.0473,98.4404
382.247,-24.1182,93.7978,-21.7064,89.4179,-26.53,98.1776
382.747,-24.5547,93.5546,-22.0992,89.1991,-27.0102,97.9101
383.247,-24.9887,93.307,-22.4899,88.9763,-27.4876,97.6378
383.746,-25.4203,93.0552,-22.8782,88.7496,-27.9623,97.3607
384.246,-25.8493,92.799,-23.2643,88.519,-28.4342,97.0789
384.746,-26.2757,92.5385,-23.6481,88.2846,-28.9033,96.7924
385.245,-26.6995,92.2738,-24.0295,88.0464,-29.3694,96.5013
385.745,-27.1206,92.0049,-24.4085,87.8043,-29.8327,96.2055
386.245,-27.539,91.7318,-24.7851,87.5585,-30.2929,95.905
386.744,-27.9547,91.4545,-25.1592,87.309,-30.7502,95.6
387.244,-28.3676,91.1731,-25.5308,87.0557,-31.2043,95.2904
387.744,-28.7776,90.8875,-25.8998,86.7987,-31.6554,94.9763
388.243,-29.1848,90.5979,-26.2663,86.538,-32.1033,94.6578
388.743,-29.589,90.3042,-26.6301,86.2737,-32.5479,94.3347
389.243,-29.9903,90.0065,-26.9913,86.0058,-32.9894,94.0072
389.742,-30.3886,89.7048,-27.3498,85.7343,-33.4275,93.6754
390.242,-30.7839,89.3992,-27.7055,85.4592,-33.8623,93.3391
390.742,-31.1761,89.0896,-28.0585,85.1805,-34.2937,92.9986
391.241,-31.5652,88.7761,-28.4087,84.8984,-34.7217,92.6537
391.741,-31.9511,88.4587,-28.756,84.6127,-35.1462,92.3046
392.241,-32.3338,88.1375,-29.1005,84.3236,-35.5672,91.9513
392.74,-32.7134,87.8124,-29.442,84.0311,-35.9847,91.5938
393.24,-33.0896,87.4836,-29.7806,83.7352,-36.3986,91.2321
393.74,-33.4625,87.1511,-30.1163,83.4359,-36.8088,90.8663
394.239,-33.8321,86.8148,-30.4489,83.1333,-37.2153,90.4964
394.739,-34.1983,86.4749,-30.7785,82.8273,-37.6182,90.1225
395.239,-34.5612,86.1313,-31.105,82.5181,-38.0173,89.7445
395.738,-34.9205,85.7842,-31.4285,82.2057,-38.4126,89.3626
396.238,-35.2764,85.4334,-31.7487,81.89,-38.804,88.9768
396.738,-35.6287,85.0791,-32.0658,81.5711,-39.1916,88.5871
397.237,-35.9775,84.7213,-32.3797,81.2491,-39.5752,88.1935
397.737,-36.3227,84.36,-32.6904,80.924,-39.9549,87.7961
398.237,-36.6642,83.9954,-32.9978,80.5957,-40.3307,87.395
398.736,-37.0021,83.6273,-33.3019,80.2645,-40.7023,86.9901
399.236,-37.3363,83.2558,-33.6027,79.9302,-41.07,86.5815
399.736,-37.6668,82.881,-33.9001,79.5929,-41.4335,86.1692
400.235,-37.9935,82.503,-34.1942,79.2526,-41.7929,85.7534
400.735,-38.3165,82.1217,-34.4848,78.9094,-42.1481,85.3339
401.235,-38.6355,81.7372,-34.772,78.5634,-42.4991,84.911
401.734,-38.9508,81.3495,-35.0557,78.2145,-42.8459,84.4845
402.234,-39.2621,80.9587,-35.3359,77.8627,-43.1883,84.0546
402.734,-39.5695,80.5648,-35.6126,77.5082,-43.5265,83.6213
403.233,-39.873,80.1678,-35.8857,77.151,-43.8603,83.1847
403.733,-40.1725,79.7679,-36.1553,76.791,-44.1898,82.7447
404.233,-40.468,79.3649,-36.4212,76.4284,-44.5148,82.3015
404.732,-40.7594,78.9591,-36.6835,76.0631,-44.8354,81.855
405.232,-41.0468,78.5503,-36.9421,75.6952,-45.1515,81.4054
405.732,-41.3301,78.1387,-37.1971,75.3247,-45.4631,80.9526
406.231,-41.6092,77.7242,-37.4483,74.9517,-45.7701,80.4967
406.731,-41.8842,77.3071,-37.6958,74.5763,-46.0726,80.0378
407.231,-42.155,76.8871,-37.9395,74.1983,-46.3705,79.5759
407.73,-42.4216,76.4645,-38.1794,73.818,-46.6637,79.111
408.23,-42.6839,76.0393,-38.4155,73.4353,-46.9523,78.6433
408.73,-42.942,75.6114,-38.6478,73.0502,-47.2362,78.1726
409.229,-43.1958,75.181,-38.8762,72.6628,-47.5154,77.6992
409.729,-43.4453,74.7481,-39.1008,72.2732,-47.7898,77.223
410.229,-43.6905,74.3127,-39.3214,71.8814,-48.0595,76.744
410.728,-43.9313,73.8749,-39.5381,71.4873,-48.3244,76.2624
411.228,-44.1677,73.4347,-39.7509,71.0911,-48.5844,75.7782
411.728,-44.3996,72.9921,-39.9597,70.6928,-48.8396,75.2914
412.227,-44.6272,72.5473,-40.1645,70.2925,-49.0899,74.8021
412.727,-44.8503,72.1002,-40.3653,69.8901,-49.3353,74.3103
413.227,-45.0689,71.6509,-40.562,69.4857,-49.5758,73.816
413.726,-45.283,71.1994,-40.7547,69.0794,-49.8113,73.3194
414.226,-45.4926,70.7458,-40.9434,68.6712,-50.0419,72.8205
414.726,-45.6977,70.2902,-41.1279,68.2611,-50.2675,72.3193
415.225,-45.8982,69.8325,-41.3084,67.8492,-50.488,71.8158
415.725,-46.0941,69.3728,-41.4847,67.4355,-50.7035,71.3102
416.225,-46.2854,68.9112,-41.6569,67.02,-50.9139,70.8024
416.724,-46.4721,68.4478,-41.8249,66.6029,-51.1193,70.2926
417.224,-46.6541,67.9824,-41.9887,66.1841,-51.3195,69.7807
417.724,-46.8315,67.5153,-42.1483,65.7637,-51.5146,69.2669
418.223,-47.0042,67.0464,-42.3038,65.3417,-51.7046,68.7511
418.723,-47.1722,66.5759,-42.455,64.9182,-51.8894,68.2335
419.223,-47.3355,66.1036,-42.6019,64.4932,-52.069,67.7141
419.722,-47.4941,65.6298,-42.7447,64.0667,-52.2435,67.1928
420.222,-47.6479,65.1544,-42.8831,63.6389,-52.4127,66.6699
420.722,-47.797,64.6775,-43.0173,63.2097,-52.5767,66.1453
421.221,-47.9413,64.1991,-43.1471,62.7791,-52.7354,65.6191
421.721,-48.0808,63.7193,-43.2727,62.3473,-52.8888,65.0913
422.221,-48.2155,63.2381,-43.3939,61.9142,-53.037,64.562
422.72,-48.3454,62.7556,-43.5108,61.48,-53.1799,64.0313
423.22,-48.4704,62.2719,-43.6234,61.0446,-53.3175,63.4991
423.72,-48.5907,61.7869,-43.7316,60.6081,-53.4497,62.9657
424.219,-48.706,61.3007,-43.8354,60.1706,-53.5766,62.4309
424.719,-48.8165,60.8134,-43.9349,59.732,-53.6982,61.8948
425.219,-48.9222,60.3251,-44.0299,59.2925,-53.8144,61.3576
425.718,-49.0229,59.8357,-44.1206,58.852,-53.9252,60.8193
426.218,-49.1188,59.3453,-44.2069,58.4107,-54.0306,60.2799
426.718,-49.2097,58.8539,-44.2887,57.9685,-54.1307,59.7394
427.217,-49.2957,58.3617,-44.3662,57.5255,-54.2253,59.198
427.717,-49.3768,57.8687,-44.4392,57.0818,-54.3145,58.6556
428.217,-49.453,57.3749,-44.5077,56.6373,-54.3983,58.1124
428.717,-49.5242,56.8803,-44.5718,56.1922,-54.4767,57.5684
429.216,-49.5905,56.3851,-44.6315,55.7465,-54.5496,57.0236
429.716,-49.6519,55.8892,-44.6867,55.3002,-54.6171,56.4782
430.216,-49.7083,55.3927,-44.7374,54.8533,-54.6791,55.932
430.715,-49.7597,54.8957,-44.7837,54.406,-54.7356,55.3853
431.215,-49.8061,54.3982,-44.8255,53.9583,-54.7867,54.8381
431.715,-49.8476,53.9002,-44.8628,53.5101,-54.8324,54.2903
432.214,-49.8841,53.4019,-44.8957,53.0616,-54.8725,53.7422
432.714,-49.9156,52.9032,-44.924,52.6128,-54.9072,53.1936
433.214,-49.9421,52.4043,-44.9479,52.1638,-54.9363,52.6448
433.713,-49.9637,51.9051,-44.9673,51.7145,-54.96,52.0956
434.213,-49.9802,51.4057,-44.9822,51.265,-54.9782,51.5463
434.713,-49.9918,50.9061,-44.9926,50.8154,-54.991,50.9968
435.212,-49.9983,50.4065,-44.9985,50.3658,-54.9982,50.4472
435.712,-49.9999,49.9068,-44.9999,49.9161,-54.9999,49.8976
436.212,-49.9965,49.4072,-44.9968,49.4664,-54.9961,49.348
436.711,-49.9881,48.9076,-44.9893,49.0168,-54.9869,48.7984
437.211,-49.9747,48.4081,-44.9772,48.5672,-54.9721,48.249
437.711,-49.9563,47.9088,-44.9607,48.1178,-54.9519,47.6997
438.21,-49.9329,47.4097,-44.9396,47.6686,-54.9262,47.1507
438.71,-49.9045,46.9108,-44.9141,47.2196,-54.895,46.6019
439.21,-49.8712,46.4122,-44.884,46.7709,-54.8583,46.0535
439.709,-49.8328,45.914,-44.8495,46.3226,-54.8161,45.5055
440.209,-49.7895,45.4163,-44.8106,45.8746,-54.7685,44.958
440.709,-49.7412,44.9189,-44.7671,45.427,-54.7154,44.4109
441.208,-49.688,44.4221,-44.7192,44.9798,-54.6568,43.8644
441.708,-49.6298,43.9258,-44.6668,44.5332,-54.5927,43.3185
442.208,-49.5666,43.4302,-44.6099,44.0871,-54.5233,42.7733
442.707,-49.4985,42.9352,-44.5486,43.6416,-54.4483,42.2288
443.207,-49.4254,42.4409,-44.4829,43.1967,-54.3679,41.685
443.707,-49.3474,41.9473,-44.4127,42.7525,-54.2821,41.1421
444.206,-49.2645,41.4546,-44.338,42.3091,-54.1909,40.6001
444.706,-49.1766,40.9627,-44.259,41.8664,-54.0943,40.0591
445.206,-49.0839,40.4717,-44.1755,41.4245,-53.9923,39.519
445.705,-48.9862,39.9817,-44.0876,40.9835,-53.8848,38.9799
446.205,-48.8837,39.4927,-43.9953,40.5433,-53.772,38.442
446.705,-48.7762,39.0047,-43.8986,40.1042,-53.6538,37.9052
447.204,-48.6639,38.5178,-43.7975,39.666,-53.5303,37.3697
447.704,-48.5467,38.0321,-43.6921,39.2288,-53.4014,36.8354
448.204,-48.4247,37.5475,-43.5823,38.7927,-53.2672,36.3024
448.703,-48.2979,37.0642,-43.4681,38.3577,-53.1277,35.7707
449.203,-48.1662,36.5822,-43.3496,37.9239,-52.9828,35.2405
449.703,-48.0297,36.1016,-43.2267,37.4913,-52.8327,34.7118
450.202,-47.8884,35.6223,-43.0996,37.06,-52.6773,34.1846
450.702,-47.7424,35.1444,-42.9681,36.6299,-52.5166,33.659
451.202,-47.5915,34.6681,-42.8324,36.2012,-52.3507,33.135
451.701,-47.436,34.1933,-42.6924,35.7739,-52.1796,32.6127
452.201,-47.2756,33.72,-42.5481,35.3479,-52.0032,32.0921
452.701,-47.1106,33.2484,-42.3995,34.9235,-51.8217,31.5733
453.2,-46.9408,32.7784,-42.2468,34.5005,-51.6349,31.0564
453.7,-46.7664,32.3102,-42.0898,34.0791,-51.4431,30.5413
454.2,-46.5873,31.8437,-41.9286,33.6593,-51.246,30.0282
454.699,-46.4035,31.3791,-41.7632,33.2411,-51.0439,29.5171
455.199,-46.2152,30.9163,-41.5936,32.8246,-50.8367,29.008
455.699,-46.0221,30.4554,-41.4199,32.4098,-50.6244,28.501
456.198,-45.8245,29.9965,-41.2421,31.9968,-50.407,27.9962
456.698,-45.6224,29.5395,-41.0601,31.5855,-50.1846,27.4936
457.198,-45.4156,29.0847,-40.8741,31.1761,-49.9572,26.9932
457.697,-45.2044,28.6318,-40.6839,30.7686,-49.7248,26.4951
458.197,-44.9886,28.1812,-40.4897,30.363,-49.4874,25.9994
458.697,-44.7683,27.7327,-40.2915,29.9593,-49.2451,25.506
459.196,-44.5435,27.2864,-40.0892,29.5577,-48.9979,25.0151
459.696,-44.3143,26.8424,-39.8829,29.1581,-48.7458,24.5267
460.196,-44.0807,26.4007,-39.6726,28.7606,-48.4888,24.0409
460.695,-43.8427,25.9614,-39.4584,28.3652,-48.227,23.5576
461.195,-43.6003,25.5245,-39.2403,27.972,-47.9603,23.077
461.695,-43.3535,25.09,-39.0182,27.5809,-47.6889,22.5991
462.194,-43.1024,24.658,-38.7922,27.1921,-47.4127,22.1239
462.694,-42.847,24.2285,-38.5623,26.8056,-47.1317,21.6514
463.194,-42.5874,23.8016,-38.3286,26.4214,-46.8461,21.1819
463.693,-42.3234,23.3774,-38.0911,26.0395,-46.5558,20.7152
464.193,-42.0553,22.9557,-37.8498,25.6601,-46.2608,20.2514
464.693,-41.7829,22.5368,-37.6046,25.2831,-45.9612,19.7906
465.192,-41.5064,22.1206,-37.3558,24.9085,-45.6571,19.3328
465.692,-41.2257,21.7073,-37.1032,24.5365,-45.3483,18.878
466.192,-40.941,21.2967,-36.8469,24.1669,-45.0351,18.4264
466.691,-40.6521,20.889,-36.5869,23.8,-44.7173,17.978
467.191,-40.3591,20.4842,-36.3232,23.4357,-44.3951,17.5327
467.691,-40.0622,20.0824,-36.056,23.074,-44.0684,17.0907
468.19,-39.7612,19.6835,-35.7851,22.7151,-43.7373,16.6519
468.69,-39.4563,19.2877,-35.5106,22.3588,-43.4019,16.2165
469.19,-39.1474,18.8949,-35.2327,22.0053,-43.0621,15.7845
469.689,-38.8346,18.5052,-34.9511,21.6546,-42.7181,15.3558
470.189,-38.5179,18.1187,-34.6661,21.3068,-42.3697,14.9307
470.689,-38.1974,17.7354,-34.3777,20.9618,-42.0172,14.509
471.188,-37.8731,17.3553,-34.0858,20.6197,-41.6604,14.0909
471.688,-37.545,16.9785,-33.7905,20.2805,-41.2995,13.6764
472.188,-37.2131,16.6049,-33.4918,19.9443,-40.9344,13.2655
472.687,-36.8776,16.2347,-33.1898,19.6112,-40.5653,12.8582
473.187,-36.5383,15.8679,-32.8845,19.281,-40.1921,12.4547
473.687,-36.1954,15.5044,-32.5759,18.9539,-39.8149,12.0549
474.186,-35.8489,15.1444,-32.264,18.6299,-39.4338,11.659
474.686,-35.4988,14.7879,-31.9489,18.3091,-39.0486,11.2668
475.186,-35.1451,14.435,-31.6306,17.9914,-38.6596,10.8785
475.685,-34.788,14.0855,-31.3092,17.6769,-38.2668,10.4941
476.185,-34.4273,13.7397,-30.9846,17.3656,-37.8701,10.1137
476.685,-34.0633,13.3974,-30.6569,17.0576,-37.4696,9.73725
477.184,-33.6958,13.0589,-30.3262,16.7529,-37.0654,9.36482
477.684,-33.325,12.724,-29.9925,16.4515,-36.6575,8.99645
478.184,-32.9508,12.3928,-29.6557,16.1535,-36.2459,8.63217
478.683,-32.5733,12.0654,-29.316,15.8588,-35.8307,8.27202
479.183,-32.1926,11.7418,-28.9734,15.5675,-35.4119,7.91604
479.683,-31.8087,11.422,-28.6278,15.2797,-34.9896,7.56426
480.182,-31.4216,11.106,-28.2794,14.9954,-34.5638,7.21672
480.682,-31.0314,10.794,-27.9282,14.7145,-34.1345,6.87345
481.182,-30.638,10.4858,-27.5742,14.4372,-33.7018,6.53449
481.681,-30.2416,10.1816,-27.2175,14.1634,-33.2658,6.19987
482.181,-29.8422,9.88141,-26.858,13.8932,-32.8264,5.86963
482.681,-29.4398,9.5852,-26.4958,13.6266,-32.3838,5.54379
483.18,-29.0345,9.29302,-26.131,13.3636,-31.9379,5.22239
483.68,-28.6262,9.0049,-25.7636,13.1043,-31.4889,4.90546
484.18,-28.2152,8.72088,-25.3936,12.8487,-31.0367,4.59304
484.679,-27.8012,8.44098,-25.0211,12.5968,-30.5814,4.28515
485.179,-27.3845,8.16523,-24.6461,12.3486,-30.123,3.98183
485.679,-26.9651,7.89366,-24.2686,12.1042,-29.6616,3.6831
486.179,-26.543,7.62629,-23.8887,11.8636,-29.1973,3.389
486.678,-26.1182,7.36316,-23.5064,11.6268,-28.7301,3.09955
487.178,-25.6909,7.10428,-23.1218,11.3938,-28.26,2.81478
487.678,-25.2609,6.84969,-22.7348,11.1646,-27.787,2.53473
488.177,-24.8285,6.59941,-22.3456,10.9394,-27.3113,2.25942
488.677,-24.3935,6.35346,-21.9542,10.718,-26.8329,1.98888
489.177,-23.9561,6.11187,-21.5605,10.5006,-26.3517,1.72313
489.676,-23.5164,5.87466,-21.1647,10.2871,-25.868,1.4622
490.176,-23.0742,5.64186,-20.7668,10.0776,-25.3817,1.20612
490.676,-22.6298,5.41349,-20.3668,9.87207,-24.8928,0.95491
491.175,-22.1831,5.18957,-19.9648,9.67054,-24.4014,0.708599
491.675,-21.7342,4.97013,-19.5608,9.47304,-23.9076,0.467211
492.175,-21.2832,4.75518,-19.1548,9.27959,-23.4115,0.23077
492.674,-20.83,4.54475,-18.747,9.0902,-22.913,-0.000700692
493.174,-20.3747,4.33886,-18.3372,8.9049,-22.4121,-0.227178
493.674,-19.9174,4.13753,-17.9256,8.72371,-21.9091,-0.44864
494.173,-19.4581,3.94078,-17.5123,8.54663,-21.4039,-0.665064
494.673,-18.9968,3.74864,-17.0971,8.3737,-20.8965,-0.876427
495.173,-18.5337,3.56111,-16.6803,8.20492,-20.387,-1.08271
495.672,-18.0687,3.37821,-16.2618,8.04032,-19.8756,-1.28389
496.172,-17.6019,3.19998,-15.8417,7.87991,-19.3621,-1.47995
496.672,-17.1333,3.02641,-15.42,7.7237,-18.8467,-1.67087
497.171,-16.6631,2.85754,-14.9968,7.57171,-18.3294,-1.85663
497.671,-16.1911,2.69338,-14.572,7.42397,-17.8103,-2.03721
498.171,-15.7176,2.53394,-14.1458,7.28047,-17.2894,-2.21259
498.67,-15.2425,2.37924,-13.7182,7.14124,-16.7667,-2.38276
499.17,-14.7658,2.2293,-13.2893,7.00629,-16.2424,-2.5477
499.67,-14.2877,2.08412,-12.859,6.87564,-15.7165,-2.70739
500.169,-13.8082,1.94373,-12.4274,6.74929,-15.189,-2.86182
500.669,-13.3273,1.80815,-11.9945,6.62726,-14.66,-3.01097
501.169,-12.845,1.67737,-11.5605,6.50956,-14.1295,-3.15482
501.668,-12.3615,1.55142,-11.1253,6.3962,-13.5976,-3.29336
502.168,-11.8767,1.43031,-10.689,6.2872,-13.0644,-3.42659
502.668,-11.3908,1.31405,-10.2517,6.18257,-12.5298,-3.55448
503.167,-10.9037,1.20265,-9.8133,6.08231,-11.994,-3.67702
503.667,-10.4155,1.09612,-9.37394,5.98644,-11.457,-3.79419
504.167,-9.92627,0.994478,-8.93364,5.89496,-10.9189,-3.906
504.666,-9.43606,0.89773,-8.49245,5.80788,-10.3797,-4.01242
505.166,-8.9449,0.805885,-8.05041,5.72522,-9.83939,-4.11345
505.666,-8.45286,0.718953,-7.60757,5.64698,-9.29814,-4.20908
506.165,-7.95997,0.636942,-7.16397,5.57317,-8.75596,-4.29929
506.665,-7.46628,0.559861,-6.71965,5.5038,-8.21291,-4.38408
507.165,-6.97185,0.487718,-6.27466,5.43887,-7.66903,-4.46344
507.664,-6.47672,0.420519,-5.82905,5.37839,-7.12439,-4.53736
508.164,-5.98094,0.358271,-5.38285,5.32237,-6.57904,-4.60583
508.664,-5.48457,0.300981,-4.93611,5.27081,-6.03303,-4.66885
509.163,-4.98765,0.248654,-4.48889,5.22372,-5.48642,-4.72641
509.663,-4.49023,0.201296,-4.04121,5.18109,-4.93926,-4.7785
510.163,-3.99237,0.15891,-3.59313,5.14295,-4.3916,-4.82513
510.662,-3.4941,0.121502,-3.14469,5.10928,-3.84351,-4.86627
511.162,-2.99549,0.0890755,-2.69594,5.08009,-3.29504,-4.90194
511.662,-2.49657,0.0616331,-2.24692,5.0554,-2.74623,-4.93213
512.161,-1.99741,0.0391778,-1.79767,5.03519,-2.19715,-4.95683
512.661,-1.49805,0.0217119,-1.34824,5.01947,-1.64785,-4.97604
513.161,-0.998538,0.00923714,-0.898684,5.00824,-1.09839,-4.98977
513.66,-0.498927,0.0017547,-0.449034,5.00151,-0.548819,-4.998
514.16,0.000734644,-0.000734636,0.00066118,4.99927,0.000808108,-5.00073
